CREATE TABLE Customers (
    CustomerID NUMBER PRIMARY KEY,
    Name VARCHAR2(100),
    DOB DATE,
    Balance NUMBER,
    LastModified DATE
);

CREATE TABLE Accounts (
    AccountID NUMBER PRIMARY KEY,
    CustomerID NUMBER,
    AccountType VARCHAR2(20),
    Balance NUMBER,
    LastModified DATE,
    FOREIGN KEY (CustomerID) REFERENCES Customers(CustomerID)
);

CREATE TABLE Transactions (
    TransactionID NUMBER PRIMARY KEY,
    AccountID NUMBER,
    TransactionDate DATE,
    Amount NUMBER,
    TransactionType VARCHAR2(10),
    FOREIGN KEY (AccountID) REFERENCES Accounts(AccountID)
);

CREATE TABLE Loans (
    LoanID NUMBER PRIMARY KEY,
    CustomerID NUMBER,
    LoanAmount NUMBER,
    InterestRate NUMBER,
    StartDate DATE,
    EndDate DATE,
    FOREIGN KEY (CustomerID) REFERENCES Customers(CustomerID)
);

CREATE TABLE Employees (
    EmployeeID NUMBER PRIMARY KEY,
    Name VARCHAR2(100),
    Position VARCHAR2(50),
    Salary NUMBER,
    Department VARCHAR2(50),
    HireDate DATE
);



INSERT INTO Customers (CustomerID, Name, DOB, Balance, LastModified) VALUES
(1, 'John Doe', TO_DATE('1980-05-15', 'YYYY-MM-DD'), 1200.50, SYSDATE),
(2, 'Jane Smith', TO_DATE('1995-08-23', 'YYYY-MM-DD'), 2300.70, SYSDATE),
(3, 'Alex Johnson', TO_DATE('1967-03-12', 'YYYY-MM-DD'), 4000.00, SYSDATE),
(4, 'Emily Davis', TO_DATE('1988-09-10', 'YYYY-MM-DD'), 500.00, SYSDATE),
(5, 'Michael Brown', TO_DATE('1990-12-01', 'YYYY-MM-DD'), 3500.00, SYSDATE),
(6, 'Olivia Wilson', TO_DATE('1975-02-05', 'YYYY-MM-DD'), 1200.00, SYSDATE),
(7, 'James Taylor', TO_DATE('1993-07-14', 'YYYY-MM-DD'), 800.25, SYSDATE),
(8, 'Sophia Miller', TO_DATE('1999-04-21', 'YYYY-MM-DD'), 1500.00, SYSDATE),
(9, 'Daniel Moore', TO_DATE('1983-02-02', 'YYYY-MM-DD'), 1100.75, SYSDATE),
(10, 'Charlotte White', TO_DATE('1982-11-28', 'YYYY-MM-DD'), 2300.30, SYSDATE),
(11, 'William Harris', TO_DATE('1991-05-18', 'YYYY-MM-DD'), 500.50, SYSDATE),
(12, 'Amelia Clark', TO_DATE('1994-09-09', 'YYYY-MM-DD'), 2400.25, SYSDATE),
(13, 'Ethan Lewis', TO_DATE('1990-01-11', 'YYYY-MM-DD'), 3100.00, SYSDATE),
(14, 'Isabella Young', TO_DATE('1987-06-04', 'YYYY-MM-DD'), 700.00, SYSDATE),
(15, 'Liam King', TO_DATE('1978-10-02', 'YYYY-MM-DD'), 5500.00, SYSDATE),
(16, 'Zoe Scott', TO_DATE('1980-03-23', 'YYYY-MM-DD'), 1200.25, SYSDATE),
(17, 'Benjamin Allen', TO_DATE('1997-12-01', 'YYYY-MM-DD'), 1800.00, SYSDATE),
(18, 'Mia Adams', TO_DATE('1984-06-15', 'YYYY-MM-DD'), 900.00, SYSDATE),
(19, 'Logan Rodriguez', TO_DATE('1992-05-25', 'YYYY-MM-DD'), 2500.50, SYSDATE),
(20, 'Eleanor Carter', TO_DATE('1996-08-04', 'YYYY-MM-DD'), 1300.75, SYSDATE),
(21, 'Oliver Mitchell', TO_DATE('1998-03-17', 'YYYY-MM-DD'), 2200.00, SYSDATE),
(22, 'Mason Perez', TO_DATE('1985-01-02', 'YYYY-MM-DD'), 2000.00, SYSDATE),
(23, 'Ava Brown', TO_DATE('1982-07-06', 'YYYY-MM-DD'), 3200.00, SYSDATE),
(24, 'Charlotte Wilson', TO_DATE('1981-09-09', 'YYYY-MM-DD'), 4500.00, SYSDATE),
(25, 'Lucas Moore', TO_DATE('1994-12-16', 'YYYY-MM-DD'), 2600.00, SYSDATE),
(26, 'Victoria Taylor', TO_DATE('1986-10-30', 'YYYY-MM-DD'), 1500.00, SYSDATE),
(27, 'Elijah Harris', TO_DATE('1977-04-15', 'YYYY-MM-DD'), 700.50, SYSDATE),
(28, 'Hannah Garcia', TO_DATE('1995-03-14', 'YYYY-MM-DD'), 4000.00, SYSDATE),
(29, 'Daniel Rodriguez', TO_DATE('1993-08-12', 'YYYY-MM-DD'), 800.75, SYSDATE),
(30, 'Grace Martinez', TO_DATE('1996-07-09', 'YYYY-MM-DD'), 2700.00, SYSDATE),
(31, 'Jack Thompson', TO_DATE('1984-10-20', 'YYYY-MM-DD'), 3500.00, SYSDATE),
(32, 'Harper Anderson', TO_DATE('1998-06-02', 'YYYY-MM-DD'), 1500.00, SYSDATE),
(33, 'Samuel Robinson', TO_DATE('1989-01-03', 'YYYY-MM-DD'), 1000.50, SYSDATE),
(34, 'Chloe Clark', TO_DATE('1997-09-12', 'YYYY-MM-DD'), 2200.25, SYSDATE),
(35, 'Gabriel Martinez', TO_DATE('1979-11-29', 'YYYY-MM-DD'), 3700.00, SYSDATE),
(36, 'Amos Wright', TO_DATE('1993-01-23', 'YYYY-MM-DD'), 2900.00, SYSDATE),
(37, 'Ella Hill', TO_DATE('1992-10-10', 'YYYY-MM-DD'), 2100.75, SYSDATE),
(38, 'Lily King', TO_DATE('1991-07-17', 'YYYY-MM-DD'), 1800.00, SYSDATE),
(39, 'Henry Collins', TO_DATE('1988-06-02', 'YYYY-MM-DD'), 500.00, SYSDATE),
(40, 'Sebastian Lee', TO_DATE('1997-04-14', 'YYYY-MM-DD'), 3000.25, SYSDATE),
(41, 'Maya Perez', TO_DATE('1984-02-25', 'YYYY-MM-DD'), 800.50, SYSDATE),
(42, 'Nora King', TO_DATE('1986-11-13', 'YYYY-MM-DD'), 2100.00, SYSDATE),
(43, 'Theo Brown', TO_DATE('1993-05-06', 'YYYY-MM-DD'), 2400.00, SYSDATE),
(44, 'Riley Wilson', TO_DATE('1982-08-10', 'YYYY-MM-DD'), 1500.00, SYSDATE),
(45, 'Scarlett Young', TO_DATE('1985-12-02', 'YYYY-MM-DD'), 3000.00, SYSDATE),
(46, 'Oliver Harris', TO_DATE('1999-01-30', 'YYYY-MM-DD'), 1500.75, SYSDATE),
(47, 'Aiden Robinson', TO_DATE('1994-04-13', 'YYYY-MM-DD'), 2400.50, SYSDATE),
(48, 'Zoe Scott', TO_DATE('1990-02-28', 'YYYY-MM-DD'), 1000.75, SYSDATE),
(49, 'Violet Davis', TO_DATE('1995-11-01', 'YYYY-MM-DD'), 500.50, SYSDATE),
(50, 'Oscar Adams', TO_DATE('1987-09-22', 'YYYY-MM-DD'), 3500.00, SYSDATE),
(51, 'Jasmine Clark', TO_DATE('1990-06-08', 'YYYY-MM-DD'), 4200.00, SYSDATE),
(52, 'Isaac Thompson', TO_DATE('1998-03-20', 'YYYY-MM-DD'), 5000.50, SYSDATE),
(53, 'Vera Martinez', TO_DATE('1985-11-17', 'YYYY-MM-DD'), 3200.00, SYSDATE),
(54, 'Adeline Wilson', TO_DATE('1989-07-23', 'YYYY-MM-DD'), 1900.00, SYSDATE),
(55, 'Benjamin Taylor', TO_DATE('1997-09-16', 'YYYY-MM-DD'), 1600.00, SYSDATE),
(56, 'Freddie Harris', TO_DATE('1988-04-07', 'YYYY-MM-DD'), 1500.00, SYSDATE),
(57, 'Nina Miller', TO_DATE('1999-10-30', 'YYYY-MM-DD'), 2700.00, SYSDATE),
(58, 'Luke Robinson', TO_DATE('1996-03-11', 'YYYY-MM-DD'), 1900.00, SYSDATE),
(59, 'Rachel Harris', TO_DATE('1990-05-29', 'YYYY-MM-DD'), 3000.00, SYSDATE),
(60, 'Sophia Lewis', TO_DATE('1992-12-04', 'YYYY-MM-DD'), 1200.00, SYSDATE),
(61, 'Amos Davis', TO_DATE('1981-01-18', 'YYYY-MM-DD'), 1000.00, SYSDATE),
(62, 'Mason White', TO_DATE('1991-07-30', 'YYYY-MM-DD'), 5000.00, SYSDATE),
(63, 'Ivy Wilson', TO_DATE('1986-05-13', 'YYYY-MM-DD'), 2800.00, SYSDATE),
(64, 'Maya Brown', TO_DATE('1998-11-19', 'YYYY-MM-DD'), 3200.00, SYSDATE),
(65, 'Levi Harris', TO_DATE('1993-12-02', 'YYYY-MM-DD'), 2400.50, SYSDATE),
(66, 'Aiden Moore', TO_DATE('1990-04-28', 'YYYY-MM-DD'), 1900.00, SYSDATE),
(67, 'Olivia Young', TO_DATE('1980-09-14', 'YYYY-MM-DD'), 2700.50, SYSDATE),
(68, 'Emma Robinson', TO_DATE('1982-03-23', 'YYYY-MM-DD'), 3200.00, SYSDATE),
(69, 'David Clark', TO_DATE('1987-10-25', 'YYYY-MM-DD'), 2200.75, SYSDATE),
(70, 'Amelia Walker', TO_DATE('1983-07-10', 'YYYY-MM-DD'), 1900.50, SYSDATE),
(71, 'Landon Scott', TO_DATE('1998-05-11', 'YYYY-MM-DD'), 2800.00, SYSDATE),
(72, 'Naomi Adams', TO_DATE('1985-02-09', 'YYYY-MM-DD'), 3100.00, SYSDATE),
(73, 'Ava Robinson', TO_DATE('1994-07-02', 'YYYY-MM-DD'), 2200.00, SYSDATE),
(74, 'James White', TO_DATE('1992-01-13', 'YYYY-MM-DD'), 1800.50, SYSDATE),
(75, 'Lily Anderson', TO_DATE('1981-12-01', 'YYYY-MM-DD'), 4200.00, SYSDATE),
(76, 'Jackson Clark', TO_DATE('1999-09-12', 'YYYY-MM-DD'), 1500.75, SYSDATE),
(77, 'Wyatt Harris', TO_DATE('1997-06-06', 'YYYY-MM-DD'), 2500.50, SYSDATE),
(78, 'Riley Martin', TO_DATE('1991-02-10', 'YYYY-MM-DD'), 2000.00, SYSDATE),
(79, 'Mila Perez', TO_DATE('1984-08-14', 'YYYY-MM-DD'), 2400.00, SYSDATE),
(80, 'Charlotte Rodriguez', TO_DATE('1992-07-02', 'YYYY-MM-DD'), 3000.50, SYSDATE),
(81, 'Mason Lee', TO_DATE('1997-09-28', 'YYYY-MM-DD'), 3200.00, SYSDATE),
(82, 'Natalie Brown', TO_DATE('1993-11-20', 'YYYY-MM-DD'), 1300.00, SYSDATE),
(83, 'Peyton Collins', TO_DATE('1986-01-12', 'YYYY-MM-DD'), 700.50, SYSDATE),
(84, 'Oliver Scott', TO_DATE('1991-09-15', 'YYYY-MM-DD'), 2900.00, SYSDATE),
(85, 'Hazel Moore', TO_DATE('1987-05-03', 'YYYY-MM-DD'), 1200.50, SYSDATE),
(86, 'Harper Lewis', TO_DATE('1983-10-19', 'YYYY-MM-DD'), 2100.00, SYSDATE),
(87, 'Emily White', TO_DATE('1984-03-14', 'YYYY-MM-DD'), 1700.50, SYSDATE),
(88, 'Benjamin Adams', TO_DATE('1990-11-06', 'YYYY-MM-DD'), 2500.75, SYSDATE),
(89, 'Eva King', TO_DATE('1992-09-21', 'YYYY-MM-DD'), 1600.00, SYSDATE),
(90, 'Luca Davis', TO_DATE('1987-04-23', 'YYYY-MM-DD'), 1800.50, SYSDATE),
(91, 'Ellie Harris', TO_DATE('1998-10-12', 'YYYY-MM-DD'), 2200.00, SYSDATE),
(92, 'Jacob Walker', TO_DATE('1988-12-11', 'YYYY-MM-DD'), 1500.00, SYSDATE),
(93, 'Leah Clark', TO_DATE('1993-01-06', 'YYYY-MM-DD'), 2800.00, SYSDATE),
(94, 'Logan Scott', TO_DATE('1990-10-23', 'YYYY-MM-DD'), 2700.00, SYSDATE),
(95, 'Ella White', TO_DATE('1997-04-01', 'YYYY-MM-DD'), 2400.50, SYSDATE),
(96, 'Lily Davis', TO_DATE('1981-03-18', 'YYYY-MM-DD'), 3000.50, SYSDATE),
(97, 'Jack Robinson', TO_DATE('1998-02-07', 'YYYY-MM-DD'), 3500.00, SYSDATE),
(98, 'Henry Brown', TO_DATE('1989-07-25', 'YYYY-MM-DD'), 3200.00, SYSDATE),
(99, 'Grace Miller', TO_DATE('1994-09-19', 'YYYY-MM-DD'), 2200.00, SYSDATE),
(100, 'David White', TO_DATE('1956-11-02', 'YYYY-MM-DD'), 2200.50, SYSDATE);

INSERT INTO Accounts (AccountID, CustomerID, AccountType, Balance, LastModified) VALUES
(1, 1, 'Savings', 1500.00, SYSDATE),
(2, 2, 'Checking', 3200.50, SYSDATE),
(3, 3, 'Savings', 2500.00, SYSDATE),
(4, 4, 'Checking', 1200.75, SYSDATE),
(5, 5, 'Business', 5000.00, SYSDATE),
(6, 6, 'Savings', 2100.00, SYSDATE),
(7, 7, 'Checking', 800.50, SYSDATE),
(8, 8, 'Savings', 2200.00, SYSDATE),
(9, 9, 'Business', 5500.00, SYSDATE),
(10, 10, 'Savings', 1500.75, SYSDATE),
(11, 11, 'Checking', 2300.50, SYSDATE),
(12, 12, 'Business', 4000.00, SYSDATE),
(13, 13, 'Checking', 1800.00, SYSDATE),
(14, 14, 'Savings', 2200.00, SYSDATE),
(15, 15, 'Business', 7000.00, SYSDATE),
(16, 16, 'Savings', 1200.00, SYSDATE),
(17, 17, 'Checking', 1600.50, SYSDATE),
(18, 18, 'Savings', 2700.25, SYSDATE),
(19, 19, 'Business', 2400.75, SYSDATE),
(20, 20, 'Checking', 3000.00, SYSDATE),
(21, 21, 'Savings', 3200.00, SYSDATE),
(22, 22, 'Checking', 5000.00, SYSDATE),
(23, 23, 'Business', 5500.00, SYSDATE),
(24, 24, 'Savings', 1200.75, SYSDATE),
(25, 25, 'Checking', 4200.00, SYSDATE),
(26, 26, 'Business', 3300.50, SYSDATE),
(27, 27, 'Savings', 1800.00, SYSDATE),
(28, 28, 'Checking', 1500.25, SYSDATE),
(29, 29, 'Business', 3000.00, SYSDATE),
(30, 30, 'Savings', 2600.50, SYSDATE),
(31, 31, 'Checking', 2200.00, SYSDATE),
(32, 32, 'Business', 3800.00, SYSDATE),
(33, 33, 'Savings', 2700.25, SYSDATE),
(34, 34, 'Checking', 1300.50, SYSDATE),
(35, 35, 'Business', 2200.75, SYSDATE),
(36, 36, 'Savings', 3200.00, SYSDATE),
(37, 37, 'Checking', 1100.50, SYSDATE),
(38, 38, 'Business', 2800.00, SYSDATE),
(39, 39, 'Savings', 2200.00, SYSDATE),
(40, 40, 'Checking', 1500.00, SYSDATE),
(41, 41, 'Business', 3500.50, SYSDATE),
(42, 42, 'Savings', 4500.00, SYSDATE),
(43, 43, 'Checking', 2800.25, SYSDATE),
(44, 44, 'Business', 2000.00, SYSDATE),
(45, 45, 'Savings', 1800.00, SYSDATE),
(46, 46, 'Checking', 1600.75, SYSDATE),
(47, 47, 'Business', 2300.00, SYSDATE),
(48, 48, 'Savings', 2500.50, SYSDATE),
(49, 49, 'Checking', 2700.00, SYSDATE),
(50, 50, 'Business', 4200.00, SYSDATE),
(51, 51, 'Savings', 1500.25, SYSDATE),
(52, 52, 'Checking', 3000.75, SYSDATE),
(53, 53, 'Business', 5000.50, SYSDATE),
(54, 54, 'Savings', 2200.00, SYSDATE),
(55, 55, 'Checking', 1300.00, SYSDATE),
(56, 56, 'Business', 1500.50, SYSDATE),
(57, 57, 'Savings', 1800.00, SYSDATE),
(58, 58, 'Checking', 2600.00, SYSDATE),
(59, 59, 'Business', 3800.50, SYSDATE),
(60, 60, 'Savings', 2400.00, SYSDATE),
(61, 61, 'Checking', 3000.50, SYSDATE),
(62, 62, 'Business', 4200.25, SYSDATE),
(63, 63, 'Savings', 2000.00, SYSDATE),
(64, 64, 'Checking', 2700.00, SYSDATE),
(65, 65, 'Business', 5000.00, SYSDATE),
(66, 66, 'Savings', 2200.00, SYSDATE),
(67, 67, 'Checking', 1500.25, SYSDATE),
(68, 68, 'Business', 3800.75, SYSDATE),
(69, 69, 'Savings', 1900.50, SYSDATE),
(70, 70, 'Checking', 2200.50, SYSDATE),
(71, 71, 'Business', 4500.00, SYSDATE),
(72, 72, 'Savings', 1200.50, SYSDATE),
(73, 73, 'Checking', 1800.00, SYSDATE),
(74, 74, 'Business', 3000.50, SYSDATE),
(75, 75, 'Savings', 3500.00, SYSDATE),
(76, 76, 'Checking', 2700.25, SYSDATE),
(77, 77, 'Business', 2000.00, SYSDATE),
(78, 78, 'Savings', 3200.00, SYSDATE),
(79, 79, 'Checking', 2400.50, SYSDATE),
(80, 80, 'Business', 2500.75, SYSDATE),
(81, 81, 'Savings', 1500.00, SYSDATE),
(82, 82, 'Checking', 3200.50, SYSDATE),
(83, 83, 'Business', 3700.00, SYSDATE),
(84, 84, 'Savings', 1800.00, SYSDATE),
(85, 85, 'Checking', 2600.00, SYSDATE),
(86, 86, 'Business', 1500.25, SYSDATE),
(87, 87, 'Savings', 2200.50, SYSDATE),
(88, 88, 'Checking', 2700.75, SYSDATE),
(89, 89, 'Business', 4200.00, SYSDATE),
(90, 90, 'Savings', 1900.50, SYSDATE),
(91, 91, 'Checking', 3000.00, SYSDATE),
(92, 92, 'Business', 2400.75, SYSDATE),
(93, 93, 'Savings', 2200.50, SYSDATE),
(94, 94, 'Checking', 1600.25, SYSDATE),
(95, 95, 'Business', 3300.00, SYSDATE),
(96, 96, 'Savings', 1800.50, SYSDATE),
(97, 97, 'Checking', 1500.50, SYSDATE),
(98, 98, 'Business', 2800.00, SYSDATE),
(99, 99, 'Savings', 2700.00, SYSDATE),
(100, 100, 'Checking', 5000.00, SYSDATE);

INSERT INTO Transactions (TransactionID, AccountID, TransactionDate, Amount, TransactionType) VALUES
(1, 1, TO_DATE('2024-06-15', 'YYYY-MM-DD'), 1500.00, 'Deposit'),
(2, 2, TO_DATE('2024-03-10', 'YYYY-MM-DD'), 1200.75, 'Withdrawal'),
(3, 3, TO_DATE('2024-01-28', 'YYYY-MM-DD'), 2000.50, 'Deposit'),
(4, 4, TO_DATE('2024-06-01', 'YYYY-MM-DD'), 900.00, 'Withdrawal'),
(5, 5, TO_DATE('2024-02-10', 'YYYY-MM-DD'), 3000.00, 'Deposit'),
(6, 6, TO_DATE('2024-04-03', 'YYYY-MM-DD'), 2200.00, 'Deposit'),
(7, 7, TO_DATE('2024-05-01', 'YYYY-MM-DD'), 800.50, 'Withdrawal'),
(8, 8, TO_DATE('2024-03-15', 'YYYY-MM-DD'), 1500.00, 'Deposit'),
(9, 9, TO_DATE('2024-01-07', 'YYYY-MM-DD'), 700.00, 'Withdrawal'),
(10, 10, TO_DATE('2024-06-18', 'YYYY-MM-DD'), 1800.25, 'Deposit'),
(11, 11, TO_DATE('2024-02-25', 'YYYY-MM-DD'), 1200.50, 'Deposit'),
(12, 12, TO_DATE('2024-03-22', 'YYYY-MM-DD'), 2400.00, 'Withdrawal'),
(13, 13, TO_DATE('2024-01-15', 'YYYY-MM-DD'), 500.00, 'Deposit'),
(14, 14, TO_DATE('2024-04-25', 'YYYY-MM-DD'), 1000.00, 'Withdrawal'),
(15, 15, TO_DATE('2024-05-10', 'YYYY-MM-DD'), 700.00, 'Deposit'),
(16, 16, TO_DATE('2024-02-18', 'YYYY-MM-DD'), 1200.25, 'Withdrawal'),
(17, 17, TO_DATE('2024-01-01', 'YYYY-MM-DD'), 1600.50, 'Deposit'),
(18, 18, TO_DATE('2024-06-12', 'YYYY-MM-DD'), 2700.25, 'Withdrawal'),
(19, 19, TO_DATE('2024-04-28', 'YYYY-MM-DD'), 2200.75, 'Deposit'),
(20, 20, TO_DATE('2024-05-20', 'YYYY-MM-DD'), 500.50, 'Withdrawal'),
(21, 21, TO_DATE('2024-06-04', 'YYYY-MM-DD'), 3000.50, 'Deposit'),
(22, 22, TO_DATE('2024-03-30', 'YYYY-MM-DD'), 1500.25, 'Deposit'),
(23, 23, TO_DATE('2024-01-19', 'YYYY-MM-DD'), 1800.00, 'Withdrawal'),
(24, 24, TO_DATE('2024-04-09', 'YYYY-MM-DD'), 2200.00, 'Deposit'),
(25, 25, TO_DATE('2024-05-14', 'YYYY-MM-DD'), 4200.00, 'Withdrawal'),
(26, 26, TO_DATE('2024-06-06', 'YYYY-MM-DD'), 3500.00, 'Deposit'),
(27, 27, TO_DATE('2024-02-28', 'YYYY-MM-DD'), 1200.75, 'Withdrawal'),
(28, 28, TO_DATE('2024-04-20', 'YYYY-MM-DD'), 2700.50, 'Deposit'),
(29, 29, TO_DATE('2024-03-13', 'YYYY-MM-DD'), 1600.25, 'Withdrawal'),
(30, 30, TO_DATE('2024-05-17', 'YYYY-MM-DD'), 2900.00, 'Deposit'),
(31, 31, TO_DATE('2024-06-10', 'YYYY-MM-DD'), 2000.00, 'Withdrawal'),
(32, 32, TO_DATE('2024-03-05', 'YYYY-MM-DD'), 3800.00, 'Deposit'),
(33, 33, TO_DATE('2024-01-21', 'YYYY-MM-DD'), 2700.50, 'Withdrawal'),
(34, 34, TO_DATE('2024-02-13', 'YYYY-MM-DD'), 2200.75, 'Deposit'),
(35, 35, TO_DATE('2024-06-02', 'YYYY-MM-DD'), 1800.00, 'Withdrawal'),
(36, 36, TO_DATE('2024-04-18', 'YYYY-MM-DD'), 1500.50, 'Deposit'),
(37, 37, TO_DATE('2024-01-29', 'YYYY-MM-DD'), 2200.00, 'Withdrawal'),
(38, 38, TO_DATE('2024-05-03', 'YYYY-MM-DD'), 2700.00, 'Deposit'),
(39, 39, TO_DATE('2024-03-18', 'YYYY-MM-DD'), 3200.00, 'Withdrawal'),
(40, 40, TO_DATE('2024-06-16', 'YYYY-MM-DD'), 1500.00, 'Deposit'),
(41, 41, TO_DATE('2024-02-04', 'YYYY-MM-DD'), 1200.00, 'Withdrawal'),
(42, 42, TO_DATE('2024-01-23', 'YYYY-MM-DD'), 2000.00, 'Deposit'),
(43, 43, TO_DATE('2024-06-09', 'YYYY-MM-DD'), 1800.75, 'Withdrawal'),
(44, 44, TO_DATE('2024-03-02', 'YYYY-MM-DD'), 2600.50, 'Deposit'),
(45, 45, TO_DATE('2024-04-17', 'YYYY-MM-DD'), 2700.00, 'Withdrawal'),
(46, 46, TO_DATE('2024-02-22', 'YYYY-MM-DD'), 1500.25, 'Deposit'),
(47, 47, TO_DATE('2024-05-09', 'YYYY-MM-DD'), 2200.75, 'Withdrawal'),
(48, 48, TO_DATE('2024-01-12', 'YYYY-MM-DD'), 2500.00, 'Deposit'),
(49, 49, TO_DATE('2024-06-08', 'YYYY-MM-DD'), 2700.25, 'Withdrawal'),
(50, 50, TO_DATE('2024-03-09', 'YYYY-MM-DD'), 2400.50, 'Deposit'),
(51, 51, TO_DATE('2024-04-30', 'YYYY-MM-DD'), 3200.00, 'Withdrawal'),
(52, 52, TO_DATE('2024-02-01', 'YYYY-MM-DD'), 3500.00, 'Deposit'),
(53, 53, TO_DATE('2024-05-12', 'YYYY-MM-DD'), 1500.50, 'Withdrawal'),
(54, 54, TO_DATE('2024-06-13', 'YYYY-MM-DD'), 2500.00, 'Deposit'),
(55, 55, TO_DATE('2024-01-25', 'YYYY-MM-DD'), 2200.50, 'Withdrawal'),
(56, 56, TO_DATE('2024-05-24', 'YYYY-MM-DD'), 1800.00, 'Deposit'),
(57, 57, TO_DATE('2024-02-17', 'YYYY-MM-DD'), 3500.50, 'Withdrawal'),
(58, 58, TO_DATE('2024-06-01', 'YYYY-MM-DD'), 2900.00, 'Deposit'),
(59, 59, TO_DATE('2024-04-05', 'YYYY-MM-DD'), 2400.00, 'Withdrawal'),
(60, 60, TO_DATE('2024-03-07', 'YYYY-MM-DD'), 2200.75, 'Deposit'),
(61, 61, TO_DATE('2024-02-27', 'YYYY-MM-DD'), 3000.00, 'Withdrawal'),
(62, 62, TO_DATE('2024-01-26', 'YYYY-MM-DD'), 1800.50, 'Deposit'),
(63, 63, TO_DATE('2024-04-23', 'YYYY-MM-DD'), 1600.75, 'Withdrawal'),
(64, 64, TO_DATE('2024-05-18', 'YYYY-MM-DD'), 2000.25, 'Deposit'),
(65, 65, TO_DATE('2024-03-14', 'YYYY-MM-DD'), 2500.50, 'Withdrawal'),
(66, 66, TO_DATE('2024-06-03', 'YYYY-MM-DD'), 2700.75, 'Deposit'),
(67, 67, TO_DATE('2024-04-22', 'YYYY-MM-DD'), 2200.00, 'Withdrawal'),
(68, 68, TO_DATE('2024-01-09', 'YYYY-MM-DD'), 2500.75, 'Deposit'),
(69, 69, TO_DATE('2024-06-20', 'YYYY-MM-DD'), 3200.00, 'Withdrawal'),
(70, 70, TO_DATE('2024-03-11', 'YYYY-MM-DD'), 1800.50, 'Deposit'),
(71, 71, TO_DATE('2024-05-27', 'YYYY-MM-DD'), 2700.00, 'Withdrawal'),
(72, 72, TO_DATE('2024-02-03', 'YYYY-MM-DD'), 2300.50, 'Deposit'),
(73, 73, TO_DATE('2024-04-12', 'YYYY-MM-DD'), 1500.00, 'Withdrawal'),
(74, 74, TO_DATE('2024-01-30', 'YYYY-MM-DD'), 2200.75, 'Deposit'),
(75, 75, TO_DATE('2024-06-17', 'YYYY-MM-DD'), 2500.50, 'Withdrawal'),
(76, 76, TO_DATE('2024-05-07', 'YYYY-MM-DD'), 1800.00, 'Deposit'),
(77, 77, TO_DATE('2024-02-08', 'YYYY-MM-DD'), 2200.25, 'Withdrawal'),
(78, 78, TO_DATE('2024-04-01', 'YYYY-MM-DD'), 2500.00, 'Deposit'),
(79, 79, TO_DATE('2024-06-14', 'YYYY-MM-DD'), 3200.50, 'Withdrawal'),
(80, 80, TO_DATE('2024-03-03', 'YYYY-MM-DD'), 2200.00, 'Deposit'),
(81, 81, TO_DATE('2024-01-11', 'YYYY-MM-DD'), 3000.25, 'Withdrawal'),
(82, 82, TO_DATE('2024-04-21', 'YYYY-MM-DD'), 3500.00, 'Deposit'),
(83, 83, TO_DATE('2024-06-19', 'YYYY-MM-DD'), 2700.75, 'Withdrawal'),
(84, 84, TO_DATE('2024-05-04', 'YYYY-MM-DD'), 2400.50, 'Deposit'),
(85, 85, TO_DATE('2024-03-25', 'YYYY-MM-DD'), 2300.00, 'Withdrawal'),
(86, 86, TO_DATE('2024-02-06', 'YYYY-MM-DD'), 2600.75, 'Deposit'),
(87, 87, TO_DATE('2024-04-27', 'YYYY-MM-DD'), 2000.00, 'Withdrawal'),
(88, 88, TO_DATE('2024-06-05', 'YYYY-MM-DD'), 2200.00, 'Deposit'),
(89, 89, TO_DATE('2024-01-31', 'YYYY-MM-DD'), 2500.00, 'Withdrawal'),
(90, 90, TO_DATE('2024-05-25', 'YYYY-MM-DD'), 3200.50, 'Deposit'),
(91, 91, TO_DATE('2024-03-19', 'YYYY-MM-DD'), 2700.00, 'Withdrawal'),
(92, 92, TO_DATE('2024-06-07', 'YYYY-MM-DD'), 2200.50, 'Deposit'),
(93, 93, TO_DATE('2024-02-12', 'YYYY-MM-DD'), 2900.00, 'Withdrawal'),
(94, 94, TO_DATE('2024-05-02', 'YYYY-MM-DD'), 2400.00, 'Deposit'),
(95, 95, TO_DATE('2024-01-08', 'YYYY-MM-DD'), 3000.50, 'Withdrawal'),
(96, 96, TO_DATE('2024-04-06', 'YYYY-MM-DD'), 3500.00, 'Deposit'),
(97, 97, TO_DATE('2024-03-08', 'YYYY-MM-DD'), 2700.25, 'Withdrawal'),
(98, 98, TO_DATE('2024-06-11', 'YYYY-MM-DD'), 1800.00, 'Deposit'),
(99, 99, TO_DATE('2024-05-06', 'YYYY-MM-DD'), 2200.50, 'Withdrawal'),
(100, 100, TO_DATE('2024-01-20', 'YYYY-MM-DD'), 2500.75, 'Deposit');

INSERT INTO Loans (LoanID, CustomerID, LoanAmount, InterestRate, StartDate, EndDate) VALUES
(1, 1, 10000.00, 7.5, TO_DATE('2023-06-15', 'YYYY-MM-DD'), TO_DATE('2028-06-15', 'YYYY-MM-DD')),
(2, 2, 15000.00, 5.8, TO_DATE('2023-03-10', 'YYYY-MM-DD'), TO_DATE('2028-03-10', 'YYYY-MM-DD')),
(3, 3, 20000.00, 6.0, TO_DATE('2022-11-28', 'YYYY-MM-DD'), TO_DATE('2027-11-28', 'YYYY-MM-DD')),
(4, 4, 25000.00, 4.5, TO_DATE('2024-06-01', 'YYYY-MM-DD'), TO_DATE('2029-06-01', 'YYYY-MM-DD')),
(5, 5, 30000.00, 8.2, TO_DATE('2024-02-10', 'YYYY-MM-DD'), TO_DATE('2029-02-10', 'YYYY-MM-DD')),
(6, 6, 12000.00, 5.0, TO_DATE('2023-04-03', 'YYYY-MM-DD'), TO_DATE('2028-04-03', 'YYYY-MM-DD')),
(7, 7, 15000.00, 7.0, TO_DATE('2024-05-01', 'YYYY-MM-DD'), TO_DATE('2029-05-01', 'YYYY-MM-DD')),
(8, 8, 17000.00, 6.3, TO_DATE('2023-03-15', 'YYYY-MM-DD'), TO_DATE('2028-03-15', 'YYYY-MM-DD')),
(9, 9, 22000.00, 7.8, TO_DATE('2023-01-07', 'YYYY-MM-DD'), TO_DATE('2028-01-07', 'YYYY-MM-DD')),
(10, 10, 18000.00, 5.5, TO_DATE('2024-06-18', 'YYYY-MM-DD'), TO_DATE('2029-06-18', 'YYYY-MM-DD')),
(11, 11, 12000.00, 6.5, TO_DATE('2024-02-25', 'YYYY-MM-DD'), TO_DATE('2029-02-25', 'YYYY-MM-DD')),
(12, 12, 25000.00, 5.2, TO_DATE('2024-03-22', 'YYYY-MM-DD'), TO_DATE('2029-03-22', 'YYYY-MM-DD')),
(13, 13, 13000.00, 7.1, TO_DATE('2023-01-15', 'YYYY-MM-DD'), TO_DATE('2028-01-15', 'YYYY-MM-DD')),
(14, 14, 14000.00, 6.2, TO_DATE('2024-04-25', 'YYYY-MM-DD'), TO_DATE('2029-04-25', 'YYYY-MM-DD')),
(15, 15, 23000.00, 6.8, TO_DATE('2024-05-10', 'YYYY-MM-DD'), TO_DATE('2029-05-10', 'YYYY-MM-DD')),
(16, 16, 20000.00, 7.3, TO_DATE('2024-02-18', 'YYYY-MM-DD'), TO_DATE('2029-02-18', 'YYYY-MM-DD')),
(17, 17, 25000.00, 5.9, TO_DATE('2023-01-01', 'YYYY-MM-DD'), TO_DATE('2028-01-01', 'YYYY-MM-DD')),
(18, 18, 28000.00, 6.6, TO_DATE('2024-06-12', 'YYYY-MM-DD'), TO_DATE('2029-06-12', 'YYYY-MM-DD')),
(19, 19, 15000.00, 5.7, TO_DATE('2024-04-28', 'YYYY-MM-DD'), TO_DATE('2029-04-28', 'YYYY-MM-DD')),
(20, 20, 17000.00, 6.1, TO_DATE('2024-05-20', 'YYYY-MM-DD'), TO_DATE('2029-05-20', 'YYYY-MM-DD')),
(21, 21, 23000.00, 7.4, TO_DATE('2024-06-04', 'YYYY-MM-DD'), TO_DATE('2029-06-04', 'YYYY-MM-DD')),
(22, 22, 21000.00, 5.9, TO_DATE('2024-03-30', 'YYYY-MM-DD'), TO_DATE('2029-03-30', 'YYYY-MM-DD')),
(23, 23, 26000.00, 6.0, TO_DATE('2023-01-19', 'YYYY-MM-DD'), TO_DATE('2028-01-19', 'YYYY-MM-DD')),
(24, 24, 28000.00, 7.2, TO_DATE('2024-04-09', 'YYYY-MM-DD'), TO_DATE('2029-04-09', 'YYYY-MM-DD')),
(25, 25, 30000.00, 5.3, TO_DATE('2024-05-14', 'YYYY-MM-DD'), TO_DATE('2029-05-14', 'YYYY-MM-DD')),
(26, 26, 15000.00, 7.1, TO_DATE('2024-06-06', 'YYYY-MM-DD'), TO_DATE('2029-06-06', 'YYYY-MM-DD')),
(27, 27, 20000.00, 5.9, TO_DATE('2024-02-28', 'YYYY-MM-DD'), TO_DATE('2029-02-28', 'YYYY-MM-DD')),
(28, 28, 16000.00, 7.3, TO_DATE('2024-04-20', 'YYYY-MM-DD'), TO_DATE('2029-04-20', 'YYYY-MM-DD')),
(29, 29, 18000.00, 5.4, TO_DATE('2023-03-13', 'YYYY-MM-DD'), TO_DATE('2028-03-13', 'YYYY-MM-DD')),
(30, 30, 23000.00, 6.2, TO_DATE('2024-05-17', 'YYYY-MM-DD'), TO_DATE('2029-05-17', 'YYYY-MM-DD')),
(31, 31, 25000.00, 7.0, TO_DATE('2024-06-10', 'YYYY-MM-DD'), TO_DATE('2029-06-10', 'YYYY-MM-DD')),
(32, 32, 20000.00, 5.8, TO_DATE('2024-03-05', 'YYYY-MM-DD'), TO_DATE('2029-03-05', 'YYYY-MM-DD')),
(33, 33, 22000.00, 6.4, TO_DATE('2023-01-21', 'YYYY-MM-DD'), TO_DATE('2028-01-21', 'YYYY-MM-DD')),
(34, 34, 24000.00, 7.5, TO_DATE('2024-02-13', 'YYYY-MM-DD'), TO_DATE('2029-02-13', 'YYYY-MM-DD')),
(35, 35, 26000.00, 6.1, TO_DATE('2024-06-02', 'YYYY-MM-DD'), TO_DATE('2029-06-02', 'YYYY-MM-DD')),
(36, 36, 28000.00, 5.9, TO_DATE('2024-04-18', 'YYYY-MM-DD'), TO_DATE('2029-04-18', 'YYYY-MM-DD')),
(37, 37, 29000.00, 6.3, TO_DATE('2023-01-29', 'YYYY-MM-DD'), TO_DATE('2028-01-29', 'YYYY-MM-DD')),
(38, 38, 15000.00, 7.6, TO_DATE('2024-01-01', 'YYYY-MM-DD'), TO_DATE('2029-01-01', 'YYYY-MM-DD')),
(39, 39, 18000.00, 6.9, TO_DATE('2024-05-03', 'YYYY-MM-DD'), TO_DATE('2029-05-03', 'YYYY-MM-DD')),
(40, 40, 22000.00, 6.5, TO_DATE('2023-06-16', 'YYYY-MM-DD'), TO_DATE('2028-06-16', 'YYYY-MM-DD')),
(41, 41, 24000.00, 7.2, TO_DATE('2024-02-04', 'YYYY-MM-DD'), TO_DATE('2029-02-04', 'YYYY-MM-DD')),
(42, 42, 25000.00, 5.8, TO_DATE('2023-01-23', 'YYYY-MM-DD'), TO_DATE('2028-01-23', 'YYYY-MM-DD')),
(43, 43, 26000.00, 6.0, TO_DATE('2024-06-09', 'YYYY-MM-DD'), TO_DATE('2029-06-09', 'YYYY-MM-DD')),
(44, 44, 30000.00, 5.4, TO_DATE('2024-03-02', 'YYYY-MM-DD'), TO_DATE('2029-03-02', 'YYYY-MM-DD')),
(45, 45, 15000.00, 7.1, TO_DATE('2024-04-17', 'YYYY-MM-DD'), TO_DATE('2029-04-17', 'YYYY-MM-DD')),
(46, 46, 16000.00, 6.3, TO_DATE('2024-02-22', 'YYYY-MM-DD'), TO_DATE('2029-02-22', 'YYYY-MM-DD')),
(47, 47, 18000.00, 7.5, TO_DATE('2024-05-09', 'YYYY-MM-DD'), TO_DATE('2029-05-09', 'YYYY-MM-DD')),
(48, 48, 22000.00, 5.8, TO_DATE('2023-01-12', 'YYYY-MM-DD'), TO_DATE('2028-01-12', 'YYYY-MM-DD')),
(49, 49, 23000.00, 7.2, TO_DATE('2024-06-08', 'YYYY-MM-DD'), TO_DATE('2029-06-08', 'YYYY-MM-DD')),
(50, 50, 24000.00, 6.0, TO_DATE('2024-03-09', 'YYYY-MM-DD'), TO_DATE('2029-03-09', 'YYYY-MM-DD')),
(51, 51, 26000.00, 6.7, TO_DATE('2024-04-30', 'YYYY-MM-DD'), TO_DATE('2029-04-30', 'YYYY-MM-DD')),
(52, 52, 27000.00, 5.5, TO_DATE('2024-02-01', 'YYYY-MM-DD'), TO_DATE('2029-02-01', 'YYYY-MM-DD')),
(53, 53, 28000.00, 6.9, TO_DATE('2024-05-12', 'YYYY-MM-DD'), TO_DATE('2029-05-12', 'YYYY-MM-DD')),
(54, 54, 29000.00, 5.8, TO_DATE('2024-06-13', 'YYYY-MM-DD'), TO_DATE('2029-06-13', 'YYYY-MM-DD')),
(55, 55, 30000.00, 7.0, TO_DATE('2024-01-25', 'YYYY-MM-DD'), TO_DATE('2029-01-25', 'YYYY-MM-DD')),
(56, 56, 15000.00, 7.4, TO_DATE('2024-05-24', 'YYYY-MM-DD'), TO_DATE('2029-05-24', 'YYYY-MM-DD')),
(57, 57, 16000.00, 6.3, TO_DATE('2024-02-17', 'YYYY-MM-DD'), TO_DATE('2029-02-17', 'YYYY-MM-DD')),
(58, 58, 22000.00, 7.1, TO_DATE('2024-06-01', 'YYYY-MM-DD'), TO_DATE('2029-06-01', 'YYYY-MM-DD')),
(59, 59, 23000.00, 5.6, TO_DATE('2024-04-05', 'YYYY-MM-DD'), TO_DATE('2029-04-05', 'YYYY-MM-DD')),
(60, 60, 24000.00, 7.3, TO_DATE('2024-03-07', 'YYYY-MM-DD'), TO_DATE('2029-03-07', 'YYYY-MM-DD')),
(61, 61, 25000.00, 5.7, TO_DATE('2024-02-27', 'YYYY-MM-DD'), TO_DATE('2029-02-27', 'YYYY-MM-DD')),
(62, 62, 26000.00, 6.0, TO_DATE('2024-01-26', 'YYYY-MM-DD'), TO_DATE('2029-01-26', 'YYYY-MM-DD')),
(63, 63, 27000.00, 7.0, TO_DATE('2024-04-23', 'YYYY-MM-DD'), TO_DATE('2029-04-23', 'YYYY-MM-DD')),
(64, 64, 28000.00, 5.9, TO_DATE('2024-05-18', 'YYYY-MM-DD'), TO_DATE('2029-05-18', 'YYYY-MM-DD')),
(65, 65, 29000.00, 6.1, TO_DATE('2024-03-14', 'YYYY-MM-DD'), TO_DATE('2029-03-14', 'YYYY-MM-DD')),
(66, 66, 30000.00, 5.8, TO_DATE('2024-06-03', 'YYYY-MM-DD'), TO_DATE('2029-06-03', 'YYYY-MM-DD')),
(67, 67, 15000.00, 6.7, TO_DATE('2024-04-22', 'YYYY-MM-DD'), TO_DATE('2029-04-22', 'YYYY-MM-DD')),
(68, 68, 16000.00, 7.5, TO_DATE('2024-01-09', 'YYYY-MM-DD'), TO_DATE('2029-01-09', 'YYYY-MM-DD')),
(69, 69, 17000.00, 5.6, TO_DATE('2024-06-20', 'YYYY-MM-DD'), TO_DATE('2029-06-20', 'YYYY-MM-DD')),
(70, 70, 18000.00, 7.0, TO_DATE('2024-03-11', 'YYYY-MM-DD'), TO_DATE('2029-03-11', 'YYYY-MM-DD')),
(71, 71, 25000.00, 6.5, TO_DATE('2024-05-27', 'YYYY-MM-DD'), TO_DATE('2029-05-27', 'YYYY-MM-DD')),
(72, 72, 23000.00, 7.3, TO_DATE('2024-02-03', 'YYYY-MM-DD'), TO_DATE('2029-02-03', 'YYYY-MM-DD')),
(73, 73, 24000.00, 6.9, TO_DATE('2024-04-12', 'YYYY-MM-DD'), TO_DATE('2029-04-12', 'YYYY-MM-DD')),
(74, 74, 25000.00, 7.2, TO_DATE('2024-01-30', 'YYYY-MM-DD'), TO_DATE('2029-01-30', 'YYYY-MM-DD')),
(75, 75, 26000.00, 5.5, TO_DATE('2024-06-17', 'YYYY-MM-DD'), TO_DATE('2029-06-17', 'YYYY-MM-DD')),
(76, 76, 27000.00, 6.6, TO_DATE('2024-05-07', 'YYYY-MM-DD'), TO_DATE('2029-05-07', 'YYYY-MM-DD')),
(77, 77, 28000.00, 7.0, TO_DATE('2024-02-08', 'YYYY-MM-DD'), TO_DATE('2029-02-08', 'YYYY-MM-DD')),
(78, 78, 29000.00, 6.8, TO_DATE('2024-04-01', 'YYYY-MM-DD'), TO_DATE('2029-04-01', 'YYYY-MM-DD')),
(79, 79, 30000.00, 5.9, TO_DATE('2024-06-14', 'YYYY-MM-DD'), TO_DATE('2029-06-14', 'YYYY-MM-DD')),
(80, 80, 15000.00, 7.4, TO_DATE('2024-03-03', 'YYYY-MM-DD'), TO_DATE('2029-03-03', 'YYYY-MM-DD')),
(81, 81, 16000.00, 6.2, TO_DATE('2024-01-11', 'YYYY-MM-DD'), TO_DATE('2029-01-11', 'YYYY-MM-DD')),
(82, 82, 17000.00, 7.3, TO_DATE('2024-04-21', 'YYYY-MM-DD'), TO_DATE('2029-04-21', 'YYYY-MM-DD')),
(83, 83, 18000.00, 6.0, TO_DATE('2024-06-19', 'YYYY-MM-DD'), TO_DATE('2029-06-19', 'YYYY-MM-DD')),
(84, 84, 19000.00, 7.0, TO_DATE('2024-05-04', 'YYYY-MM-DD'), TO_DATE('2029-05-04', 'YYYY-MM-DD')),
(85, 85, 20000.00, 6.1, TO_DATE('2024-03-25', 'YYYY-MM-DD'), TO_DATE('2029-03-25', 'YYYY-MM-DD')),
(86, 86, 21000.00, 7.2, TO_DATE('2024-02-06', 'YYYY-MM-DD'), TO_DATE('2029-02-06', 'YYYY-MM-DD')),
(87, 87, 22000.00, 5.5, TO_DATE('2024-04-27', 'YYYY-MM-DD'), TO_DATE('2029-04-27', 'YYYY-MM-DD')),
(88, 88, 23000.00, 6.3, TO_DATE('2024-06-05', 'YYYY-MM-DD'), TO_DATE('2029-06-05', 'YYYY-MM-DD')),
(89, 89, 24000.00, 7.5, TO_DATE('2024-01-31', 'YYYY-MM-DD'), TO_DATE('2029-01-31', 'YYYY-MM-DD')),
(90, 90, 25000.00, 6.4, TO_DATE('2024-05-25', 'YYYY-MM-DD'), TO_DATE('2029-05-25', 'YYYY-MM-DD')),
(91, 91, 26000.00, 5.6, TO_DATE('2024-03-19', 'YYYY-MM-DD'), TO_DATE('2029-03-19', 'YYYY-MM-DD')),
(92, 92, 27000.00, 6.2, TO_DATE('2024-06-07', 'YYYY-MM-DD'), TO_DATE('2029-06-07', 'YYYY-MM-DD')),
(93, 93, 28000.00, 5.8, TO_DATE('2024-02-12', 'YYYY-MM-DD'), TO_DATE('2029-02-12', 'YYYY-MM-DD')),
(94, 94, 29000.00, 7.3, TO_DATE('2024-05-02', 'YYYY-MM-DD'), TO_DATE('2029-05-02', 'YYYY-MM-DD')),
(95, 95, 30000.00, 6.0, TO_DATE('2024-01-08', 'YYYY-MM-DD'), TO_DATE('2029-01-08', 'YYYY-MM-DD')),
(96, 96, 15000.00, 7.1, TO_DATE('2024-04-06', 'YYYY-MM-DD'), TO_DATE('2029-04-06', 'YYYY-MM-DD')),
(97, 97, 16000.00, 6.4, TO_DATE('2024-03-08', 'YYYY-MM-DD'), TO_DATE('2029-03-08', 'YYYY-MM-DD')),
(98, 98, 17000.00, 5.9, TO_DATE('2024-06-11', 'YYYY-MM-DD'), TO_DATE('2029-06-11', 'YYYY-MM-DD')),
(99, 99, 18000.00, 7.2, TO_DATE('2024-05-06', 'YYYY-MM-DD'), TO_DATE('2029-05-06', 'YYYY-MM-DD')),
(100, 100, 19000.00, 6.8, TO_DATE('2024-01-20', 'YYYY-MM-DD'), TO_DATE('2029-01-20', 'YYYY-MM-DD'));

INSERT INTO Employees (EmployeeID, Name, Position, Salary, Department, HireDate) VALUES
(1, 'John Doe', 'Software Engineer', 85000.00, 'Engineering', TO_DATE('2021-05-22', 'YYYY-MM-DD')),
(2, 'Jane Smith', 'Project Manager', 95000.00, 'Operations', TO_DATE('2019-08-30', 'YYYY-MM-DD')),
(3, 'Mike Johnson', 'Data Analyst', 75000.00, 'Data Science', TO_DATE('2022-03-11', 'YYYY-MM-DD')),
(4, 'Emily Davis', 'HR Manager', 72000.00, 'Human Resources', TO_DATE('2020-12-04', 'YYYY-MM-DD')),
(5, 'David Williams', 'Marketing Director', 120000.00, 'Marketing', TO_DATE('2018-06-20', 'YYYY-MM-DD')),
(6, 'Sophia Brown', 'UX Designer', 80000.00, 'Design', TO_DATE('2021-07-15', 'YYYY-MM-DD')),
(7, 'James Wilson', 'Sales Executive', 70000.00, 'Sales', TO_DATE('2019-09-22', 'YYYY-MM-DD')),
(8, 'Olivia Moore', 'Customer Support Lead', 65000.00, 'Customer Support', TO_DATE('2020-05-17', 'YYYY-MM-DD')),
(9, 'Liam Taylor', 'Network Engineer', 90000.00, 'Engineering', TO_DATE('2019-01-14', 'YYYY-MM-DD')),
(10, 'Emma Anderson', 'Operations Specialist', 72000.00, 'Operations', TO_DATE('2022-01-10', 'YYYY-MM-DD')),
(11, 'Noah Thomas', 'Software Developer', 95000.00, 'Engineering', TO_DATE('2021-11-25', 'YYYY-MM-DD')),
(12, 'Ava Martinez', 'HR Assistant', 55000.00, 'Human Resources', TO_DATE('2020-06-09', 'YYYY-MM-DD')),
(13, 'Mason Jackson', 'Digital Marketer', 85000.00, 'Marketing', TO_DATE('2019-02-14', 'YYYY-MM-DD')),
(14, 'Isabella White', 'Finance Manager', 110000.00, 'Finance', TO_DATE('2020-03-20', 'YYYY-MM-DD')),
(15, 'Ethan Harris', 'Software Engineer', 88000.00, 'Engineering', TO_DATE('2021-09-05', 'YYYY-MM-DD')),
(16, 'Amelia Clark', 'Project Coordinator', 70000.00, 'Operations', TO_DATE('2018-11-30', 'YYYY-MM-DD')),
(17, 'Benjamin Lewis', 'Data Scientist', 105000.00, 'Data Science', TO_DATE('2022-07-13', 'YYYY-MM-DD')),
(18, 'Charlotte Allen', 'Product Manager', 95000.00, 'Product', TO_DATE('2021-04-02', 'YYYY-MM-DD')),
(19, 'Henry Young', 'Business Analyst', 80000.00, 'Business', TO_DATE('2020-08-22', 'YYYY-MM-DD')),
(20, 'Amos King', 'IT Support Specialist', 62000.00, 'IT Support', TO_DATE('2023-03-10', 'YYYY-MM-DD')),
(21, 'Scarlett Scott', 'Data Engineer', 95000.00, 'Data Science', TO_DATE('2022-06-01', 'YYYY-MM-DD')),
(22, 'Alexander Perez', 'Chief Financial Officer', 150000.00, 'Finance', TO_DATE('2018-02-12', 'YYYY-MM-DD')),
(23, 'Grace Miller', 'Marketing Assistant', 55000.00, 'Marketing', TO_DATE('2019-07-08', 'YYYY-MM-DD')),
(24, 'Jack Robinson', 'Sales Manager', 85000.00, 'Sales', TO_DATE('2020-09-15', 'YYYY-MM-DD')),
(25, 'Mila Walker', 'Accountant', 75000.00, 'Finance', TO_DATE('2021-10-22', 'YYYY-MM-DD')),
(26, 'Oliver Harris', 'Network Administrator', 85000.00, 'IT Support', TO_DATE('2022-01-18', 'YYYY-MM-DD')),
(27, 'Zoe Nelson', 'HR Specialist', 60000.00, 'Human Resources', TO_DATE('2021-11-06', 'YYYY-MM-DD')),
(28, 'Sebastian Carter', 'Operations Manager', 110000.00, 'Operations', TO_DATE('2020-12-11', 'YYYY-MM-DD')),
(29, 'Victoria Adams', 'Customer Support Agent', 50000.00, 'Customer Support', TO_DATE('2023-04-29', 'YYYY-MM-DD')),
(30, 'William Cooper', 'Software Tester', 68000.00, 'Engineering', TO_DATE('2021-02-08', 'YYYY-MM-DD')),
(31, 'Grace Mitchell', 'Creative Director', 115000.00, 'Design', TO_DATE('2018-07-19', 'YYYY-MM-DD')),
(32, 'Lucas Roberts', 'SEO Specialist', 75000.00, 'Marketing', TO_DATE('2021-01-12', 'YYYY-MM-DD')),
(33, 'Lily Davis', 'Front-End Developer', 90000.00, 'Engineering', TO_DATE('2022-11-05', 'YYYY-MM-DD')),
(34, 'Wyatt Gonzales', 'Business Intelligence Analyst', 95000.00, 'Data Science', TO_DATE('2020-10-02', 'YYYY-MM-DD')),
(35, 'Chloe Wright', 'Operations Assistant', 68000.00, 'Operations', TO_DATE('2019-03-04', 'YYYY-MM-DD')),
(36, 'Owen Evans', 'Security Engineer', 105000.00, 'Engineering', TO_DATE('2020-05-14', 'YYYY-MM-DD')),
(37, 'Lucy King', 'Product Designer', 82000.00, 'Design', TO_DATE('2023-03-06', 'YYYY-MM-DD')),
(38, 'Daniel Lee', 'Data Architect', 110000.00, 'Data Science', TO_DATE('2019-07-25', 'YYYY-MM-DD')),
(39, 'Carter Hall', 'Operations Analyst', 75000.00, 'Operations', TO_DATE('2021-12-18', 'YYYY-MM-DD')),
(40, 'Sophia Turner', 'Customer Support Representative', 56000.00, 'Customer Support', TO_DATE('2020-01-11', 'YYYY-MM-DD')),
(41, 'David Martinez', 'Mobile Developer', 95000.00, 'Engineering', TO_DATE('2022-08-19', 'YYYY-MM-DD')),
(42, 'Ella Moore', 'Backend Developer', 96000.00, 'Engineering', TO_DATE('2021-06-07', 'YYYY-MM-DD')),
(43, 'Matthew Perez', 'Financial Analyst', 80000.00, 'Finance', TO_DATE('2023-01-29', 'YYYY-MM-DD')),
(44, 'Aiden Collins', 'DevOps Engineer', 105000.00, 'Engineering', TO_DATE('2020-02-26', 'YYYY-MM-DD')),
(45, 'Maya Martinez', 'Product Owner', 110000.00, 'Product', TO_DATE('2018-09-11', 'YYYY-MM-DD')),
(46, 'Maddox Sanders', 'Full-Stack Developer', 110000.00, 'Engineering', TO_DATE('2021-11-13', 'YYYY-MM-DD')),
(47, 'Nina Mitchell', 'HR Coordinator', 72000.00, 'Human Resources', TO_DATE('2022-04-10', 'YYYY-MM-DD')),
(48, 'Mason Scott', 'QA Engineer', 78000.00, 'Engineering', TO_DATE('2023-02-02', 'YYYY-MM-DD')),
(49, 'Isla Turner', 'Research Analyst', 71000.00, 'Operations', TO_DATE('2019-05-06', 'YYYY-MM-DD')),
(50, 'Benjamin Green', 'Operations Lead', 98000.00, 'Operations', TO_DATE('2021-03-14', 'YYYY-MM-DD')),
(51, 'Charlotte Lewis', 'Business Consultant', 115000.00, 'Business', TO_DATE('2020-06-13', 'YYYY-MM-DD')),
(52, 'Samuel Harris', 'Database Administrator', 95000.00, 'IT Support', TO_DATE('2022-03-21', 'YYYY-MM-DD')),
(53, 'Ariana Collins', 'Graphic Designer', 72000.00, 'Design', TO_DATE('2023-05-04', 'YYYY-MM-DD')),
(54, 'Henry Perez', 'Chief Marketing Officer', 150000.00, 'Marketing', TO_DATE('2018-08-28', 'YYYY-MM-DD')),
(55, 'Dylan Moore', 'Software Engineer', 88000.00, 'Engineering', TO_DATE('2021-07-06', 'YYYY-MM-DD')),
(56, 'Chloe Carter', 'Data Analyst', 74000.00, 'Data Science', TO_DATE('2022-12-13', 'YYYY-MM-DD')),
(57, 'Nathan Wilson', 'Senior Developer', 120000.00, 'Engineering', TO_DATE('2019-04-18', 'YYYY-MM-DD')),
(58, 'Grace Thomas', 'Client Success Manager', 89000.00, 'Sales', TO_DATE('2023-02-17', 'YYYY-MM-DD')),
(59, 'Lily Clark', 'Content Writer', 62000.00, 'Marketing', TO_DATE('2020-02-14', 'YYYY-MM-DD')),
(60, 'Joshua Walker', 'Systems Architect', 110000.00, 'Engineering', TO_DATE('2021-01-08', 'YYYY-MM-DD')),
(61, 'Ava Jackson', 'SEO Manager', 95000.00, 'Marketing', TO_DATE('2022-05-17', 'YYYY-MM-DD')),
(62, 'Jackie Taylor', 'Operations Assistant', 60000.00, 'Operations', TO_DATE('2020-11-27', 'YYYY-MM-DD')),
(63, 'Michael Lee', 'Data Scientist', 100000.00, 'Data Science', TO_DATE('2022-07-28', 'YYYY-MM-DD')),
(64, 'Daniel Green', 'Marketing Specialist', 70000.00, 'Marketing', TO_DATE('2020-03-24', 'YYYY-MM-DD')),
(65, 'Sarah Robinson', 'Backend Developer', 85000.00, 'Engineering', TO_DATE('2022-01-14', 'YYYY-MM-DD')),
(66, 'Liam Mitchell', 'Operations Director', 115000.00, 'Operations', TO_DATE('2021-05-10', 'YYYY-MM-DD')),
(67, 'Olivia Perez', 'Software Tester', 70000.00, 'Engineering', TO_DATE('2023-05-14', 'YYYY-MM-DD')),
(68, 'Nolan Thomas', 'Senior IT Specialist', 105000.00, 'IT Support', TO_DATE('2019-03-20', 'YYYY-MM-DD')),
(69, 'Sophia Clark', 'Brand Manager', 90000.00, 'Marketing', TO_DATE('2022-10-10', 'YYYY-MM-DD')),
(70, 'Lucas Walker', 'Project Lead', 95000.00, 'Operations', TO_DATE('2019-05-08', 'YYYY-MM-DD')),
(71, 'Carter Lewis', 'IT Consultant', 120000.00, 'IT Support', TO_DATE('2020-01-05', 'YYYY-MM-DD')),
(72, 'Ella Green', 'HR Manager', 94000.00, 'Human Resources', TO_DATE('2021-03-19', 'YYYY-MM-DD')),
(73, 'Jack Hall', 'Social Media Manager', 78000.00, 'Marketing', TO_DATE('2020-04-15', 'YYYY-MM-DD')),
(74, 'Mia White', 'Product Manager', 105000.00, 'Product', TO_DATE('2021-08-20', 'YYYY-MM-DD')),
(75, 'Lucas Moore', 'Solutions Architect', 115000.00, 'Engineering', TO_DATE('2019-09-27', 'YYYY-MM-DD')),
(76, 'Victoria Green', 'Marketing Assistant', 65000.00, 'Marketing', TO_DATE('2020-07-30', 'YYYY-MM-DD')),
(77, 'Sophie Hall', 'Operations Specialist', 71000.00, 'Operations', TO_DATE('2021-12-03', 'YYYY-MM-DD')),
(78, 'Megan Roberts', 'Business Analyst', 80000.00, 'Business', TO_DATE('2022-09-07', 'YYYY-MM-DD')),
(79, 'Isabelle Perez', 'Junior Developer', 65000.00, 'Engineering', TO_DATE('2023-01-01', 'YYYY-MM-DD')),
(80, 'Benjamin Scott', 'UX/UI Designer', 70000.00, 'Design', TO_DATE('2022-11-12', 'YYYY-MM-DD')),
(81, 'Liam Harris', 'Web Developer', 88000.00, 'Engineering', TO_DATE('2022-03-17', 'YYYY-MM-DD')),
(82, 'Lily Johnson', 'PR Specialist', 72000.00, 'Marketing', TO_DATE('2021-05-04', 'YYYY-MM-DD')),
(83, 'Henry Carter', 'Digital Marketing Strategist', 95000.00, 'Marketing', TO_DATE('2020-07-07', 'YYYY-MM-DD')),
(84, 'Madeline Robinson', 'Junior Analyst', 50000.00, 'Data Science', TO_DATE('2023-03-16', 'YYYY-MM-DD')),
(85, 'William Green', 'Director of Technology', 140000.00, 'Technology', TO_DATE('2020-10-01', 'YYYY-MM-DD')),
(86, 'John Clark', 'System Administrator', 95000.00, 'IT Support', TO_DATE('2023-01-23', 'YYYY-MM-DD')),
(87, 'Grace Perez', 'Product Designer', 88000.00, 'Design', TO_DATE('2022-05-11', 'YYYY-MM-DD')),
(88, 'Sophie Mitchell', 'Junior Product Manager', 65000.00, 'Product', TO_DATE('2023-05-24', 'YYYY-MM-DD')),
(89, 'Michael Johnson', 'Full Stack Developer', 105000.00, 'Engineering', TO_DATE('2021-04-10', 'YYYY-MM-DD')),
(90, 'Ella Harris', 'Senior Data Analyst', 115000.00, 'Data Science', TO_DATE('2022-02-25', 'YYYY-MM-DD')),
(91, 'Olivia Green', 'Software Tester', 60000.00, 'Engineering', TO_DATE('2023-04-09', 'YYYY-MM-DD')),
(92, 'Joshua Taylor', 'Business Operations Manager', 105000.00, 'Operations', TO_DATE('2019-12-06', 'YYYY-MM-DD')),
(93, 'Ethan Robinson', 'Cloud Engineer', 100000.00, 'Engineering', TO_DATE('2021-01-17', 'YYYY-MM-DD')),
(94, 'Megan Taylor', 'Data Science Intern', 45000.00, 'Data Science', TO_DATE('2022-10-05', 'YYYY-MM-DD')),
(95, 'Victoria Adams', 'Content Strategist', 72000.00, 'Marketing', TO_DATE('2021-06-13', 'YYYY-MM-DD')),
(96, 'Benjamin King', 'Operations Lead', 90000.00, 'Operations', TO_DATE('2023-02-17', 'YYYY-MM-DD')),
(97, 'Sophia White', 'Project Assistant', 55000.00, 'Operations', TO_DATE('2023-03-12', 'YYYY-MM-DD')),
(98, 'Jack Martinez', 'Sales Analyst', 80000.00, 'Sales', TO_DATE('2020-08-05', 'YYYY-MM-DD')),
(99, 'Zoe Harris', 'Customer Success Specialist', 72000.00, 'Customer Support', TO_DATE('2021-11-20', 'YYYY-MM-DD')),
(100, 'Maxwell Davis', 'Engineering Manager', 130000.00, 'Engineering', TO_DATE('2020-04-24', 'YYYY-MM-DD'));